Keyword,Title,Link
cognitive science,Cognitive science,https://en.wikipedia.org/wiki/Cognitive_science
cognitive science,Cognitive Science Society: Home,https://cognitivesciencesociety.org/
cognitive science,Cognitive Science,https://onlinelibrary.wiley.com/journal/15516709
cognitive science,Cog Sci,https://cogsci.ucsd.edu/
cognitive science,Home | Cognitive Science,https://cogsci.berkeley.edu/home
cognitive science,Homepage | Cognitive Science Program,https://cogsci.as.virginia.edu/
cognitive science,Cognitive Science,https://www.vassar.edu/cognitive-science
brain science research,Brain Science,https://alleninstitute.org/division/brain-science/
brain science research,BRAIN Initiative: Home,http://braininitiative.nih.gov/
brain science research,Brain Research | Journal | ScienceDirect.com by Elsevier,https://www.sciencedirect.com/journal/brain-research
brain science research,Brain Sciences | An Open Access Journal from MDPI,https://www.mdpi.com/journal/brainsci
brain science research,Understanding the Brain,https://www.nsf.gov/focus-areas/brain
brain science research,Pedersen Brain Science Institute,https://www.hopkinsmedicine.org/pedersen-brain-science-institute
brain science research,Center for Interdisciplinary Brain Sciences Research ...,https://cibsr.stanford.edu/
brain science research,Brain Science and Cognitive Psychology Explores Our ...,https://www.apa.org/education-career/guide/subfields/brain-science
brain science research,UCLA Brain Research Institute (BRI),https://bri.ucla.edu/
machine learning lab,Machine Learning Laboratory: Home - Austin,https://ml.utexas.edu/home
machine learning lab,Machine Learning Laboratory,https://deepakdvallur.weebly.com/machine-learning-laboratory.html
machine learning lab,ML Solutions Lab,https://aws.amazon.com/ml-solutions-lab/
machine learning lab,Machine Learning Lab | Texas ECE - Electrical & Computer ...,https://www.ece.utexas.edu/research/groups/machine-learning-lab
machine learning lab,OpenML,https://openml.org/
machine learning lab,Fast Machine Learning Lab,https://fastmachinelearning.org/
machine learning lab,Lab 1: Machine Learning with Python,https://ml-course.github.io/master/labs/Lab%201%20-%20Tutorial
machine learning lab,Machine Learning Lab,https://ml.informatik.uni-freiburg.de/
Boston university AI internship,Jobs & Internships | Faculty of Computing & Data Sciences,https://www.bu.edu/cds-faculty/programs-admissions/cds-careers/jobs-internships/
Boston university AI internship,Programs â€“ STEM Outreach & Diversity,https://lernet.bu.edu/index.php/programs/
Boston university AI internship,Opportunities for Students | Rafik Hariri Institute ...,https://www.bu.edu/hic/how-to-get-involved/resources-for-students/
Boston university AI internship,LERNet | Arts & Sciences - Boston University,https://lernet.bu.edu/
Boston university AI internship,CHIP AI Internship,https://www.chip.org/internship/chip-ai-internship
Boston university AI internship,Student Internships | Faculty of Computing & Data Sciences,https://www.bu.edu/cds-faculty/category/jobs/internships/
Boston university AI internship,"Ai Internship Jobs, Employment in Boston, MA","https://www.indeed.com/q-ai-internship-l-boston,-ma-jobs.html"
Boston university AI internship,40 Artificial Intelligence Intern jobs in Boston,https://www.linkedin.com/jobs/artificial-intelligence-intern-jobs-boston-ma
Boston university AI internship,RISE Internship/Practicum | Boston University Summer Term,https://www.bu.edu/summer/high-school-programs/rise-internship-practicum/
Boston university AI internship,Work at Spark!,https://www.bu.edu/spark/students/work/
